archivo,ancho_px,alto_px,megapixeles,aspecto,formato,modo,peso_kb,nitidez,frac_blancos
1.png,994,740,0.74,1.343,PNG,RGB,657.0,646.8,0.991
10.png,1205,781,0.94,1.543,PNG,RGB,1431.5,2655.3,0.635
10h.png,1205,1287,1.55,0.936,PNG,RGB,2010.1,1454.6,0.194
11.png,1030,999,1.03,1.031,PNG,RGB,1272.6,784.2,0.737
11h.png,1217,1317,1.6,0.924,PNG,RGB,2241.8,1602.8,0.27
12.png,799,284,0.23,2.813,PNG,RGB,230.3,833.9,0.756
12h.png,1213,1261,1.53,0.962,PNG,RGB,2002.7,1860.8,0.233
13h.png,1255,1316,1.65,0.954,PNG,RGB,2207.5,1843.8,0.276
14h.png,1212,1292,1.57,0.938,PNG,RGB,2144.4,1474.2,0.296
15h.png,1217,1339,1.63,0.909,PNG,RGB,2173.7,1582.2,0.325
16h.png,1244,1298,1.61,0.958,PNG,RGB,2028.3,1793.7,0.212
17h.png,1289,1326,1.71,0.972,PNG,RGB,2173.9,1753.1,0.305
18h.png,1216,1310,1.59,0.928,PNG,RGB,2126.4,1520.4,0.437
19h.png,1248,1317,1.64,0.948,PNG,RGB,2280.3,1486.0,0.241
1h.png,1817,1281,2.33,1.418,PNG,RGB,2875.9,1238.0,0.344
2.png,922,1436,1.32,0.642,PNG,RGB,1976.0,3929.1,0.86
20h.png,1264,1294,1.64,0.977,PNG,RGB,2100.1,1693.4,0.283
21h.png,1300,1333,1.73,0.975,PNG,RGB,2244.0,1692.3,0.267
22h.png,1204,1272,1.53,0.947,PNG,RGB,2059.2,1482.0,0.187
23h.png,1259,1334,1.68,0.944,PNG,RGB,2213.8,1439.9,0.413
24h.png,1209,1281,1.55,0.944,PNG,RGB,1980.1,1780.1,0.203
25h.png,1276,1325,1.69,0.963,PNG,RGB,2066.2,1768.1,0.224
2h.png,1304,1299,1.69,1.004,PNG,RGB,2265.2,1666.2,0.212
3.png,935,1396,1.31,0.67,PNG,RGB,1795.6,2909.0,0.839
3h.png,1340,1310,1.76,1.023,PNG,RGB,2499.2,1756.0,0.404
4.png,884,1319,1.17,0.67,PNG,RGB,1645.0,3272.3,0.889
4h.png,1218,1304,1.59,0.934,PNG,RGB,2162.7,2201.0,0.334
5.png,898,1285,1.15,0.699,PNG,RGB,1628.3,3300.5,0.89
5h.png,1309,1317,1.72,0.994,PNG,RGB,2287.2,2083.8,0.285
6.png,1144,1299,1.49,0.881,PNG,RGB,2225.1,2308.4,0.726
6h.png,1267,1291,1.64,0.981,PNG,RGB,2208.4,2187.4,0.255
7.png,1141,1267,1.45,0.901,PNG,RGB,2185.8,2189.7,0.716
7h.png,1203,1295,1.56,0.929,PNG,RGB,2013.2,1552.6,0.109
8.png,1164,1230,1.43,0.946,PNG,RGB,2176.9,2200.5,0.712
8h.png,1231,1299,1.6,0.948,PNG,RGB,1655.8,676.2,0.153
9.png,1111,1306,1.45,0.851,PNG,RGB,2115.5,2654.0,0.772
9h.png,1223,1302,1.59,0.939,PNG,RGB,2012.1,1885.4,0.186
detalle.jpg,506,130,0.07,3.892,WEBP,RGB,7.5,1148.9,0.831
